med_name,total_in_stock,no_times_dispensed
14FR._CATHETEXTENDED_RELEASES,0,1
14FR._HYDROPHILIC_INTEXTENDED_RELEASEMITTENT_CATHETEXTENDED_RELEASES,0,1
14FR._INTEXTENDED_RELEASEMITTENT_CATHETEXTENDED_RELEASES,0,1
14_FRENCH_COUDE_ANGLED_STRAIGHT_CATHETEXTENDED_RELEASES,0,1
14_FRENCH_COUDE_TIP_INTEXTENDED_RELEASEMITTENT_STRAIGHT_CATHETEXTENDED_RELEASE,0,5
14_FR_CATHETEXTENDED_RELEASES,0,1
14_FR_STRAIGHT_CATHETEXTENDED_RELEASES,0,2
14_FR_STRAIGHT_CATHETEXTENDED_RELEASES_PRE_LUBRICATED,0,1
16_FR_COUDE_TIP_INTEXTENDED_RELEASEMITTENT_CATHETEXTENDED_RELEASE,0,1
"4IN_CEXTENDED_RELEASEVICAL_COLLAR,_UNIVEXTENDED_RELEASESAL,_4X22IN",3,3
A1C_CARTRIDGES,0,28
ACYCLOVIR_200MG/1,125,21
ACYCLOVIR_400MG/1,125,45
ADACEL_TDAP_5[LF]/.5ML;_2[LF]/.5ML;_2.5UG/.5ML;_5UG/.5ML;_3UG/.5ML;_5UG/.5ML,1,4
ADAPALENE_3MG/G_45_G,0,2
ADHEXTENDED_RELEASEENT_SPRAY,0,5
ADRENALIN_EPINEPRINE_1MG/ML,1,1
AFLURIA_QUADRIVALENT_15UG/.5ML;_15UG/.5ML;_15UG/.5ML;_15UG/.5ML_.5_ML,0,53
AFLURIA_QUADRIVALENT_15UG/.5ML;_15UG/.5ML;_15UG/.5ML;_15UG/.5ML_5_ML,0,40
ALBUTEXTENDED_RELEASEOL_SULFATE_108UG/1_200_INHALANT,0,15
"ALBUTEXTENDED_RELEASEOL_SULFATE_108UG/1___1_CANISTEXTENDED_RELEASE_IN_1_CARTON_0781_7296_85_/_200_AEXTENDED_RELEASEOSOL,_METEXTENDED_RELEASEED_IN_1_CANISTEXTENDED_RELEASE",1,16
ALBUTEXTENDED_RELEASEOL_SULFATE_2.5MG/3ML_3_ML,0,10
ALBUTEXTENDED_RELEASEOL_SULFATE_2.5MG/3ML___1_POUCH_IN_1_CARTON_0378_8270_52_/_25_AMPULE_IN_1_POUCH_0378_8270_62_/_3_ML_IN_1_AMPULE,1,1
ALBUTEXTENDED_RELEASEOL_SULFATE_2.5MG/3ML___2_POUCH_IN_1_CARTON_0378_8270_91_/_30_AMPULE_IN_1_POUCH_0378_8270_64_/_3_ML_IN_1_AMPULE,2,1
ALBUTEXTENDED_RELEASEOL_SULFATE_90MCG,0,11
"ALBUTEXTENDED_RELEASEOL_SULFATE_90UG/1___1_CANISTEXTENDED_RELEASE_IN_1_CARTON_68180_963_01_/_200_AEXTENDED_RELEASEOSOL,_METEXTENDED_RELEASEED_IN_1_CANISTEXTENDED_RELEASE",3,20
ALBUTEXTENDED_RELEASEOL_SULFATE_HFA_90UG/1_200_AEXTENDED_RELEASEOSOL,0,32
ALENDRONATE_SODIUM_70MG/1,12,6
ALLOPURINOL_100MG/1,300,56
ALLOPURINOL_300MG/1,300,16
AMIODARONE_HYDROCHLORIDE_200MG/1,180,4
AMITRIPTYLINE_HYDROCHLORIDE_100MG/1,400,1
AMITRIPTYLINE_HYDROCHLORIDE_10MG/1,370,29
AMITRIPTYLINE_HYDROCHLORIDE_25MG/1,585,22
AMITRIPTYLINE_HYDROCHLORIDE_50MG/1,600,2
AMITRIPTYLINE_HYDROCHLORIDE_75MG/1,240,3
AMLODIPINE_BESYLATE_10MG/1,247,233
AMLODIPINE_BESYLATE_2.5MG/1,360,18
AMLODIPINE_BESYLATE_5MG/1,150,204
"AMOXICILLIN;_CLAVULANATE_POTASSIUM_250MG/5ML;_62.5MG/5ML___100_ML_IN_1_BOTTLE,_PLASTIC_60432_065_00",2,1
AMOXICILLIN;_CLAVULANATE_POTASSIUM_600MG/5ML;_42.9MG/5ML,5,2
AMOXICILLIN;_CLAVULANATE_POTASSIUM_875MG/1;_125MG/1,110,50
AMOXICILLIN_125MG/1,100,1
AMOXICILLIN_250MG/5ML_100_ML,0,13
AMOXICILLIN_250MG/5ML_150_ML,0,1
AMOXICILLIN_250MG/5ML_80_ML,0,2
AMOXICILLIN_250MG/5ML___150_ML_IN_1_BOTTLE_0093_4155_80,4,4
AMOXICILLIN_400MG/5ML_100_ML,0,1
AMOXICILLIN_400MG/5ML_50_ML,0,2
AMOXICILLIN_400MG/5ML___100_ML_IN_1_BOTTLE_0093_4161_73,3,1
AMOXICILLIN_400MG/5ML___100_ML_IN_1_BOTTLE_0143_9887_01,1,22
AMOXICILLIN_400MG/5ML___50_ML_IN_1_BOTTLE_0093_4161_76,2,1
AMOXICILLIN_400MG/5ML___50_ML_IN_1_BOTTLE_0143_9887_50,2,7
AMOXICILLIN_400MG/5ML___75_ML_IN_1_BOTTLE_65862_071_75,4,10
AMOXICILLIN_500MG/1,195,82
AMOXICILLIN_875MG/1,152,32
AMOXICILLIN_AND_CLAVULANATE_POTASSIUM_250MG/5ML;_62.5MG/5ML_150_ML,0,2
AMOXICILLIN_AND_CLAVULANATE_POTASSIUM_500MG/1;_125MG/1,0,1
AMOXICILLIN_AND_CLAVULANATE_POTASSIUM_875MG/1;_125MG/1,0,13
ANASTROZOLE_1MG/1,0,5
"ANKLE_BRACE,_LARGE,_LEFT",2,2
"ANKLE_SPLINT,_CANVAS_LACE_ADJUSTMENT,_MEDIUM",4,2
"ANKLE_SPLINT,_CANVAS_LACE_ADJUSTMENT,_SMALL",2,1
"ANKLE_SPLINT,_WHITE_CANVAS_ADJUSTABLE_LACES,_LARGE",8,3
"ANKLE_SPLINT,_WHITE_CANVAS_ADJUSTABLE_LACES,_SMALL",13,3
"ANKLE_SPLINT,_WHITE_CANVAS_LACE_ADJUSTABLE_LACES,_MEDIUM",5,2
"ANKLE_SPLIT,_CANVAS_LACE_ADJUSTMENT,_LARGE",2,2
"ANKLE_SPLIT,_CANVAS_LACE_ADJUSTMENT,_XL",1,1
"ANKLE_SPLIT,_WHITE_CANVAS_ADJUSTABLE_LACES,_XL",7,4
"ANKLE_STIRRUP,_AIR,_10IN,_STANDARD",1,1
APLISOL_5[IU]/.1ML_1_ML,0,10
ARISTOCCORT/KENALOG_CREAM_0.1%_0.1%,0,28
"ARM_SLING,_CANVAS,_UNIVEXTENDED_RELEASESAL",3,3
ASPIRIN_81MG/1,240,3
ATENOLOL_100MG/1,0,6
ATOMOXETINE_18MG/1,0,1
ATOMOXETINE_40MG/1,0,1
ATOMOXETINE_80MG/1,0,1
ATOMOXETINE_HYDROCHLORIDE_18MG/1,240,28
ATOMOXETINE_HYDROCHLORIDE_80MG/1,0,2
ATORVASTATIN_CALCIUM_10MG/1,0,19
ATORVASTATIN_CALCIUM_20MG/1,0,124
ATORVASTATIN_CALCIUM_40MG/1,0,68
ATORVASTATIN_CALCIUM_80MG/1,0,32
ATORVASTATIN_CALCIUM_TRIHYDRATE_10MG/1,630,16
ATORVASTATIN_CALCIUM_TRIHYDRATE_20MG/1,300,10
ATORVASTATIN_CALCIUM_TRIHYDRATE_40MG/1,360,21
ATORVASTATIN_CALCIUM_TRIHYDRATE_80MG/1,540,6
ATOVAQUONE_AND_PROGUANIL_HYDROCHLORIDE_250MG/1;_100MG/1,0,1
AVIANE__1_KIT,0,1
AZITHROMYCIN_250MG/1,0,34
AZITHROMYCIN_500MG/1,0,1
AZITHROMYCIN_DIHYDRATE_200MG/5ML___1_BOTTLE_IN_1_CARTON_70710_1458_2_/_15_ML_IN_1_BOTTLE,8,1
AZITHROMYCIN_DIHYDRATE_250MG/1,14,8
AZITHROMYCIN_MONOHYDRATE_200MG/5ML___15_ML_IN_1_BOTTLE_0093_2026_23,1,4
AZITHROMYCIN_MONOHYDRATE_250MG/1,0,9
AZITHROMYCIN_MONOHYDRATE_500MG/1,48,36
BACITRACIN_500[IU]/G_28.35_G,0,1
BALL_OF_FOOT_CUSHION,1,1
BENZONATATE_100MG/1,300,30
BEXSEXTENDED_RELEASEO_50UG/.5ML;_50UG/.5ML;_50UG/.5ML;_25UG/.5ML,5,5
BOOSTRIX_8UG/.5ML;_2.5UG/.5ML;_8UG/.5ML;_5[IU]/.5ML;_2.5[IU]/.5ML,17,126
BUDESONIDE_AND_FORMOTEXTENDED_RELEASEOL_FUMARATE_DIHYDRATE_80UG/1;_4.5UG/1_120_AEXTENDED_RELEASEOSOL,0,1
BUDESONIDE_INHALATION_SUSPENSION_0.25MG/2ML_2_ML,0,1
BUPROPION_100MG/1,0,6
BUPROPION_150MG/1,0,7
BUPROPION_HYDROCHLORIDE_100MG/1,800,7
BUPROPION_HYDROCHLORIDE_150MG/1,500,25
BUPROPION_HYDROCHLORIDE_200MG/1,200,12
BUPROPION_HYDROCHLORIDE_300MG/1,450,14
BUPROPION_HYDROCHLORIDE_EXTENDED_RELEASE_150MG/1,0,5
BUPROPION_HYDROCHLORIDE_SR_150MG/1,0,14
BUPROPION_HYDROCHLORIDE_SR_200MG/1,0,4
BUPROPION_HYDROCHLORIDE_XL_150MG/1,510,59
BUPROPION_HYDROCHLORIDE_XL_300MG/1,0,32
BUPROPION_SR_150MG/1,0,13
BUSPIRONE_HYDROCHLORIDE_10MG/1,100,11
BUSPIRONE_HYDROCHLORIDE_15MG/1,300,24
BUSPIRONE_HYDROCHLORIDE_30MG/1,150,1
BUSPIRONE_HYDROCHLORIDE_5MG/1,600,4
CAMBIVO_COMPRESSION_KNEE_SLEEVE_LARGE,2,1
CAMBIVO_COMPRESSION_KNEE_SLEEVE_MEDIUM,2,1
CAMBIVO_COMPRESSION_KNEE_SLEEVE_SMALL,2,1
CANTHARIDIN_0.9%_TOPICAL,0,1
CANTHARIDIN_0.9%_TOPICAL_SUSPENSION,0,1
CAREALL_CLOTRIMAZOLE_1G/G_28_G,0,17
CARE_START_COVID_19_POC_AG_TEST,0,120
CARVEDILOL_12.5MG/1,400,2
CARVEDILOL_25MG/1,400,2
CATHETEXTENDED_RELEASE_14FR._MALE_STRAIGHT,0,1
CATHETEXTENDED_RELEASE_INTMT._14_FR._STRAIGHT_BOX/50,0,1
CEFDINIR_250MG/5ML_100_ML,0,1
CEFDINIR_250MG/5ML_60_ML,0,1
CEFPROZIL_125MG/5ML___100_ML_IN_1_BOTTLE_57237_034_01,2,2
CEFTRIAXONE_250MG/1_10_INJECTION,0,3
CEFTRIAXONE_SODIUM_250MG/1_1_INJECTION,0,2
CEFTRIAXONE_SODIUM_500MG/1_1_INJECTION,0,5
"CEFTRIAXONE_SODIUM_500MG/1___10_VIAL,_SINGLE_USE_IN_1_CARTON_0409_7338_01_/_1_INJECTION,_POWDEXTENDED_RELEASE,_FOR_SOLUTION_IN_1_VIAL,_SINGLE_USE_0409_7338_11",8,8
CELECOXIB_100MG/1,200,1
CELECOXIB_200MG/1,40,2
CEPHALEXIN_250MG/1,200,7
CEPHALEXIN_500MG/1,111,44
CETIRIZINE_HYDROCHLORIDE_10MG/1,165,106
CETIRIZINE_HYDROCHLORIDE_5MG/1,0,5
CETIRIZINE_HYDROCHLORIDE_ALLEXTENDED_RELEASEGY_10MG/1,0,143
"CEXTENDED_RELEASEVICAL_COLLAR,_SEXTENDED_RELEASEPENTINE,_MEDIUM_DENSITY,_LARGE",1,1
CHLORTHALIDONE_25MG/1,500,135
CICLOPIROX_80MG/ML_6.6_ML,0,1
CICLOPIROX_80MG/ML___1_BOTTLE_IN_1_CARTON_42192_715_06_/_6.6_ML_IN_1_BOTTLE,2,2
CIPROFLOXACIN_250MG/1,0,5
CIPROFLOXACIN_500MG/1,0,25
CIPROFLOXACIN_HYDROCHLORIDE_250MG/1,200,2
CIPROFLOXACIN_HYDROCHLORIDE_500MG/1,176,4
CITALOPRAM_10MG/1,0,15
CITALOPRAM_20MG/1,0,12
CITALOPRAM_40MG/1,0,2
CITALOPRAM_HYDROBROMIDE_10MG/1,70,42
CITALOPRAM_HYDROBROMIDE_20MG/1,210,54
CITALOPRAM_HYDROBROMIDE_40MG/1,300,51
CLARITY_COVID_19_ANTIGEN,0,45
CLARITY_COVID_19_ANTIGEN_TESTS,0,46
CLARITY_COVID_ANTIGEN_TEST,0,83
"CLAVICLE_STRAP,_LARGE,_BUCKLE_CLOSURE",5,3
"CLAVICLE_STRAP,_MEDIUM,_BUCKLE_CLOSURE",3,3
"CLAVICLE_STRAP,_SMALL,_BUCKLE_CLOSURE",6,3
CLINDAMYCIN_HYDROCHLORIDE_150MG/1,100,5
CLINDAMYCIN_PHOSPHATE_10MG/G_30_G,0,9
CLINDAMYCIN_PHOSPHATE_10MG/G_60_G,0,1
CLOBETASOL_PROPIONATE_0.5MG/G_15_G,0,6
CLOBETASOL_PROPIONATE_0.5MG/G_30_G,0,7
CLOBETASOL_PROPIONATE_0.5MG/G___1_TUBE_IN_1_CARTON_51672_1258_2_/_30_G_IN_1_TUBE,2,3
CLOBETASOL_PROPIONATE_0.5MG/ML_50_ML,0,1
"CLOBETASOL_PROPIONATE_0.5MG/ML___1_BOTTLE,_PLASTIC_IN_1_CARTON_51672_1293_2_/_25_ML_IN_1_BOTTLE,_PLASTIC",4,4
"CLOBETASOL_PROPIONATE_CREAM_USP,_0.05%_CLOBETASOL_PROPIONATE_CREAM_USP,_0.05%_0.5MG/G_30_G",0,6
CLOBETASOL_PROPIONATE_EMOLLIENT_0.5MG/G_30_G,0,1
CLOPIDOGREL_75MG/1,0,1
CLOPIDOGREL_BISULFATE_75MG/1,180,25
CLOTH_TAPE,13,9
CLOTRIMAZOLE_10MG/G_15_G,0,6
CLOTRIMAZOLE_10MG/G___1_TUBE_IN_1_CARTON_51672_1275_2_/_30_G_IN_1_TUBE,3,15
CLOTRIMAZOLE_1G/100G_15_G,0,2
CLOTRIMAZOLE_1G/100G_28.4_G,0,4
CLOTRIMAZOLE_1G/100G_45_G,0,5
COLCHICINE_0.6MG/1,90,2
"COMFORTCOOL_WRIST_AND_THUMB_CMC_SPLINT,_LEFT,_MEDIUM",1,1
COMPACT_SPACE_CHAMBEXTENDED_RELEASE,5,1
COMPACT_SPACE_CHAMBEXTENDED_RELEASE_ANTI_STATIC,0,13
COVID_19_AG_RAPID_TEST,0,30
COVID_19_RAPID_ANTIGEN_TEST,0,40
CYCLOBENZAPRINE_HYDROCHLORIDE_10MG/1,203,83
CYCLOBENZAPRINE_HYDROCHLORIDE_5MG/1,158,91
DAPTACEL_15[LF]/.5ML;_5[LF]/.5ML;_10UG/.5ML;_5UG/.5ML;_3UG/.5ML;_5UG/.5ML,10,59
DAPTACEL_15[LF]/.5ML;_5[LF]/.5ML;_10UG/.5ML;_5UG/.5ML;_3UG/.5ML;_5UG/.5ML_.5_ML,0,21
DESMOPRESSIN_ACETATE_0.2MG/1,400,7
"DEXAMETHASONE_INTENSOL_1MG/ML___30_ML_IN_1_BOTTLE,_GLASS_0054_3176_44",59,3
DEXAMETHASONE_SODIUM_PHOSPHATE_10MG/ML,25,1
DICLOFENAC_SODIUM_10MG/G_100_G,0,42
DICLOFENAC_SODIUM_75MG/1,240,18
DICLOFENAC_SODIUM_DELAYED_RELEASE_75MG/1,0,10
DICYCLOMINE_HYDROCHLORIDE_20MG/1,360,22
DIGOXIN_125UG/1,200,3
DILTIAZEM_HYDROCHLORIDE_180MG/1,450,38
DILTIAZEM_HYDROCHLORIDE_240MG/1,0,1
DILTIAZEM_HYDROCHLORIDE_90MG/1,500,2
DILTIAZEM_HYDROCHLORIDE_EXTENDED_RELEASE_180MG/1,0,1
DIPHENHYDRAMINE_HYDROCHLORIDE_25MG/1,300,5
DIVALPROEX_SODIUM_250MG/1,300,20
DIVALPROEX_SODIUM_500MG/1,300,9
DOTTI_ESTRADIOL_0.05MG/D,12,6
DOTTI_ESTRADIOL_0.075MG/D,3,1
DOXEPIN_HYDROCHLORIDE_10MG/1,0,28
DOXYCYCLINE_100MG/1,100,11
DOXYCYCLINE_HYCLATE_100MG/1,70,95
DULOXETINE_20MG/1,0,17
DULOXETINE_30MG/1,0,16
DULOXETINE_60MG/1,0,22
DULOXETINE_DELAYED_RELEASE_60MG/1,0,16
DULOXETINE_HYDROCHLORIDE_20MG/1,180,60
DULOXETINE_HYDROCHLORIDE_30MG/1,290,70
DULOXETINE_HYDROCHLORIDE_60MG/1,270,3
DYNALUBE_LUBRICATING_JELLY,0,1
ENGEXTENDED_RELEASEIX_B_10UG/.5ML_.5_ML,0,8
EPATCH_V2_MB_14_DAY_PATCH,0,3
ESCITALOPRAM_10MG/1,0,35
ESCITALOPRAM_20MG/1,0,20
ESCITALOPRAM_5MG/1,0,22
ESCITALOPRAM_OXALATE_10MG/1,420,25
ESCITALOPRAM_OXALATE_20MG/1,500,8
ESCITALOPRAM_OXALATE_5MG/1,400,6
ESOMEPRAZOLE_MAGNESIUM_20MG/1,270,7
ESOMEPRAZOLE_MAGNESIUM_40MG/1,0,1
ESOMEPRAZOLE_MAGNESIUM_DIHYDRATE_20MG/1,120,4
ESTRADIOL_0.05MG/D,3,1
ESTRADIOL_0.5MG/1,200,9
ESTRADIOL_1MG/1,200,34
EXTENDED_RELEASEYTHROMYCIN_5MG/G_1_G,0,4
EXTENDED_RELEASEYTHROMYCIN_5MG/G_3.5_G,0,2
EXTENDED_RELEASEYTHROMYCIN_5MG/G___1_TUBE_IN_1_CARTON_24208_910_55_/_3.5_G_IN_1_TUBE,2,12
EXTENSION_TUBING_FOR_URINARY_CATHETEXTENDED_RELEASE,3,1
EZETIMIBE_10MG,0,1
EZETIMIBE_10MG/1,496,49
FAMCICLOVIR_250MG/1,120,5
FAMOTIDINE_20MG/1,400,52
FENOFIBRATE_160MG/1,90,14
FENOFIBRATE_54MG/1,480,18
FEXOFENADINE_HYDROCHLORIDE_180MG/1,180,24
FINASTEXTENDED_RELEASEIDE_1MG/1,450,108
FINASTEXTENDED_RELEASEIDE_5MG/1,360,9
FIT_PRIDE_BAND_SET,2,1
FLUCELVAX_QUADRIVALENT_PRE_FILLED_SYRINGE_15UG/.5ML;_15UG/.5ML;_15UG/.5ML;_15UG/.5ML_.5_ML,0,55
FLUCONAZOLE_150MG/1,27,44
FLULAVAL_QUADRIVALENT_2020/2021_15UG/.5ML;_15UG/.5ML;_15UG/.5ML;_15UG/.5ML_.5_ML,0,31
FLULAVAL_QUADRIVALENT_2022/2023_15UG/.5ML;_15UG/.5ML;_15UG/.5ML;_15UG/.5ML_.5_ML,0,56
FLULAVAL_QUADRIVALENT_2023/2024_15UG/.5ML;_15UG/.5ML;_15UG/.5ML;_15UG/.5ML_.5_ML,0,39
FLUOCINONIDE_0.5MG/ML_60_ML,0,1
FLUOXETINE_10MG/1,0,21
FLUOXETINE_20MG/1,0,24
FLUOXETINE_40MG/1,0,7
FLUOXETINE_HYDROCHLORIDE_10MG/1,455,46
FLUOXETINE_HYDROCHLORIDE_20MG/1,610,180
FLUOXETINE_HYDROCHLORIDE_40MG/1,300,16
FLUTICASONE_PROPIONATE_50UG/.1G_16_G,0,81
FLUTICASONE_PROPIONATE_50UG/1,7,122
FLUTICASONE_PROPIONATE_50UG/1_120_SPRAY,0,33
FLUTICASONE_PROPIONATE_AND_SALMETEXTENDED_RELEASEOL_113UG/1;_14UG/1_60_POWDEXTENDED_RELEASE,0,2
FLUZONE_QUADRIVALENT_15UG/.5ML;_15UG/.5ML;_15UG/.5ML;_15UG/.5ML_.5_ML,0,43
FLUZONE_QUADRIVALENT_NORTHEXTENDED_RELEASEN_HEMISPHEXTENDED_RELEASEE_15UG/.5ML;_15UG/.5ML;_15UG/.5ML;_15UG/.5ML_.5_ML,0,137
FOLEY_CATHETEXTENDED_RELEASE_16_FRENCH_30_ML_BALLOON,3,1
FOLEY_INSEXTENDED_RELEASETION_TRAY_W/_10_ML_SYRINGE,3,1
FOREARM_LH_ADULT_BLUE_LINEXTENDED_RELEASE_NO_COATING,1,1
GABAPENTIN_100MG/1,500,43
GABAPENTIN_300MG/1,400,27
GABAPENTIN_400MG/1,400,4
GABAPENTIN_600MG/1,600,15
GABAPENTIN_800MG/1,0,1
GARDASIL_9_30UG/.5ML;_40UG/.5ML;_60UG/.5ML;_40UG/.5ML;_20UG/.5ML;_20UG/.5ML;_20UG/.5ML;_20UG/.5ML;_20UG/.5ML,2,65
GIANVI__1_KIT,0,2
GLIPIZIDE_10MG/1,300,49
GLIPIZIDE_5MG/1,400,44
GLUCOSAMINE_SULFATE_500MG,0,1
GLYCOPYRROLATE_1MG/1,0,1
GOOD_SENSE_ALLEXTENDED_RELEASEGY_RELIEF_10MG/1,0,3
GOOD_SENSE_ARTHRITIS_PAIN_DICLOFENAC_SODIUM_10MG/G___1_TUBE_IN_1_CARTON_0113_1189_01_/_100_G_IN_1_TUBE,2,27
GOOD_SENSE_NICOTINE_4MG/1_20_LOZENGE,0,2
"GRID_IRON_XR_METAL_UPRIGHT,_SMALL",9,5
GRID_IRON_XR_METAL_UPRIGHT:_LARGE,1,1
GRID_IRON_XR_METAL_UPRIGHT:_XS,5,4
"GRID_IRON_XR_WALKEXTENDED_RELEASE,_CLOSED_HEEL,_METAL_UPRIGHTS,_XS",5,5
HAILEY_24_FE,3,3
HAVRIX_720[IU]/.5ML,8,90
HAVRIX_720[IU]/.5ML_.5_ML,0,4
HEMOGLOBIN_A1C,8,7
HEMOGLOBIN_A1C_TEST,0,61
HEMOSURE_IFOB_FECAL_OCCULT_BLOOD_TEST_FIT,18,52
HEMOSURE_IFOB_TEST_CASSETTES,0,1
HG_A1C_CARTRIDGES,0,42
HYDROCHLOROTHIAZIDE;_LISINOPRIL_12.5MG/1;_20MG/1,400,1
HYDROCHLOROTHIAZIDE;_LISINOPRIL_25MG/1;_20MG/1,300,4
HYDROCHLOROTHIAZIDE;_LOSARTAN_POTASSIUM_25MG/1;_100MG/1,270,1
HYDROCHLOROTHIAZIDE_12.5MG/1,500,35
HYDROCHLOROTHIAZIDE_25MG/1,500,48
HYDROCORTISONE_1%_1G/100G___1_TUBE_IN_1_BOX_69396_050_01_/_28.4_G_IN_1_TUBE,3,5
HYDROCORTISONE_10MG/G_28.4_G,0,4
HYDROCORTISONE_1G/100G_28_G,0,3
HYDROCORTISONE_25MG/G_28.35_G,0,6
HYDROCORTISONE_25MG/G___1_TUBE_IN_1_CARTON_45802_004_03_/_28_G_IN_1_TUBE,2,3
HYDROCORTISONE_CREAM_1%,0,7
HYDROCORTISONE_MAXIMUM_STRENGTH_1G/100G_28_G,0,2
HYDROCORTISONE_WITH_ALOE_MAXIMUM_STRENGTH_1G/100G_28_G,0,5
HYDROXYCHLOROQUINE_SULFATE_200MG/1,400,7
HYDROXYZINE_HYDROCHLORIDE_10MG/1,240,105
HYDROXYZINE_HYDROCHLORIDE_25MG/1,620,120
HYDROXYZINE_HYDROCHLORIDE_50MG/1,370,5
HYDROXYZINE_PAMOATE_25MG/1,0,2
HYDROXYZINE_PAMOATE_50MG/1,355,38
IBUPROFEN_400MG/1,500,1
IBUPROFEN_600MG/1,100,22
IFOBTEST_T1_CK30,0,32
INCASSIA_NORETHINDRONE_0.35MG/1,6,6
INSURE_ONE,9,1
INTEXTENDED_RELEASEMITTENT_CATHETEXTENDED_RELEASES_UNCOATED,0,13
INTEXTENDED_RELEASEMITTENT_CATHETEXTENDED_RELEASE_COUDE_16_FRENCH,5,2
INVEGA_SUSTENNA_156MG/ML_1_ML,0,7
INVEGA_SUSTENNA_PALIPEXTENDED_RELEASEIDONE_PALMITATE_234MG/1.5ML,3,132
IPOL_40[D'AG'U]/.5ML;_8[D'AG'U]/.5ML;_32[D'AG'U]/.5ML,6,34
IRBESARTAN_150MG/1,180,3
IRBESARTAN_75MG/1,360,1
ISOSORBIDE_MONONITRATE_30MG/1,400,2
JUNEL_21_DAY_1MG/1;_20UG/1,0,1
JUNEL_FE_28_DAY_1_KIT,0,1
KARDIAMOBILE,1,1
KARDIAMOBILE6L,0,1
KENALOG_40_40MG/ML_1_ML,0,2
KENALOG_40_TRIAMCINOLONE_ACETONIDE_40MG/ML,2,1
KETOCONAZOLE_20MG/G_15_G,0,6
KETOCONAZOLE_20MG/G_30_G,0,2
KETOCONAZOLE_20MG/G___1_TUBE_IN_1_CARTON_0093_3219_30_/_30_G_IN_1_TUBE,2,2
KETOCONAZOLE_20MG/G___1_TUBE_IN_1_CARTON_21922_025_04_/_15_G_IN_1_TUBE,3,1
KETOCONAZOLE_20MG/ML_120_ML,0,2
KETOROLAC_TROMETHAMINE_30MG/ML,0,2
KETOROLAC_TROMETHAMINE_30MG/ML_1_ML,0,2
KETOROLAC_TROMETHAMINE_60MG/2ML,25,1
KINRIX_25[IU]/.5ML;_8UG/.5ML;_25UG/.5ML;_10[IU]/.5ML;_25[IU]/.5ML;_40[IU]/.5ML;_8[IU]/.5ML;_32[IU]/.5ML,10,31
KNEE_IMMOBILIZEXTENDED_RELEASE_19IN,8,7
KNEE_IMMOBILIZEXTENDED_RELEASE_24IN,4,3
KURVELO,5,11
LAMOTRIGINE_100MG/1,200,40
LAMOTRIGINE_200MG/1,0,2
LAMOTRIGINE_25MG/1,300,7
LARGE_EXAM_GLOVES,0,5
LARGE_FOREARM_SPLINT,1,1
LARGE_GLOVES,0,1
LEVOCETIRIZINE_DIHYDROCHLORIDE_5MG/1,270,10
LEVOFLOXACIN_500MG/1,50,9
LEVONORGESTREL_AND_ETHINYL_ESTRADIOL__1_KIT,0,18
LEVOTHYROXINE_SODIUM_25UG/1,0,1
LIDOCAINE;_PRILOCAINE_25MG/G;_25MG/G___1_TUBE_IN_1_CARTON_0574_2042_30_/_30_G_IN_1_TUBE,1,1
LISINOPRIL_10MG/1,520,263
LISINOPRIL_2.5MG/1,410,3
LISINOPRIL_20MG/1,500,105
LISINOPRIL_40MG/1,400,247
LISINOPRIL_5MG/1,400,31
LISINOPRIL_AND_HYDROCHLOROTHIAZIDE_20MG/1;_25MG/1,0,3
LISINOPRIL_AND_HYDROCHLOROTHIAZIDE_25MG/1;_20MG/1,0,9
LITHIUM_CARBONATE_300MG/1,0,1
LORATADINE_10MG,0,2
LORATADINE_10MG/1,300,26
LORATADINE_ALLEXTENDED_RELEASEGY_RELIEF_10MG/1,0,2
LORATADINE_ALLEXTENDED_RELEASEGY_RELIEF_LORATADINE_10MG/1,400,10
LORATADINE_ANTIHISTAMINE_10MG/1,0,7
LOSARTAN_POTASSIUM_100MG/1,640,110
LOSARTAN_POTASSIUM_25MG/1,315,47
LOSARTAN_POTASSIUM_25_MG_25MG/1,0,1
LOSARTAN_POTASSIUM_50MG/1,135,71
LOSARTAN_POTASSIUM_AND_HYDROCHLOROTHIAZIDE_25MG/1;_100MG/1,0,8
LOVASTATIN_20MG/1,600,22
LOVASTATIN_40MG/1,300,4
LOW_DOSE_ASPIRIN_81MG/1,0,6
LOW_DOSE_ASPIRIN_ASPIRIN_81MG/1,4,26
LUBRICATING_JELLY,720,17
LUBRICATING_JELLY_PACKETS,0,3
"MCLEOD_PADDED_CLAVICLE_SPLINT,_LARGE",3,1
"MCLEOD_PADDED_CLAVICLE_SPLINT,_MEDIUM",2,1
"MCLEOD_PADDED_CLAVICLE_SPLINT,_SMALL",2,1
MCOT,3,12
MCOT_EVENT_MONITOR,0,1
MEDIUM_BOOT,1,1
MEDLINE_LUBRICATING_JELLY_HENRY_SCHEIN,0,1
MEDROXYPROGESTEXTENDED_RELEASEONE_ACETATE_150MG/ML,2,18
MEDROXYPROGESTEXTENDED_RELEASEONE_ACETATE_150MG/ML_1_ML,0,10
MELOXICAM_15MG/1,0,33
MELOXICAM_7.5MG/1,500,9
MENACTRA_4UG/.5ML;_4UG/.5ML;_4UG/.5ML;_4UG/.5ML_.5_ML,0,37
MENQUADFI_10UG/.5ML;_10UG/.5ML;_10UG/.5ML;_10UG/.5ML_.5_ML,0,38
"METATARSAL_FELT_FOOT_PAD,_1/4""_THICK",6,1
METAXALONE_800MG/1,0,22
METFORMIN_HYDROCHLORIDE_1000MG/1,1240,138
METFORMIN_HYDROCHLORIDE_500MG/1,401,172
METFORMIN_HYDROCHLORIDE_EXTENDED_RELEASE_500MG/1,700,200
METHENAMINE_HIPPURATE_1000MG/1,100,1
METHOCARBAMOL_750MG/1,150,29
METHOTREXATE_2.5MG/1,0,13
METHOTREXATE_SODIUM_2.5MG/1,152,11
METOCLOPRAMIDE_HYDROCHLORIDE_10MG/1,270,2
METOPROLOL_SUCCINATE_100MG/1,500,39
METOPROLOL_SUCCINATE_25MG/1,500,32
METOPROLOL_SUCCINATE_50MG/1,600,26
METOPROLOL_TARTRATE_25MG/1,420,29
METOPROLOL_TARTRATE_50MG/1,400,4
METRONIDAZOLE_10MG/G___1_TUBE_IN_1_CARTON_0781_7080_35_/_60_G_IN_1_TUBE,3,2
METRONIDAZOLE_250MG/1,555,19
METRONIDAZOLE_500MG/1,72,5
METRONIDAZOLE_7.5MG/G_45_G,0,10
METRONIDAZOLE_7.5MG/G___1_TUBE_IN_1_CARTON_51672_4116_6_/_45_G_IN_1_TUBE,2,30
MINITRAX,1,1
MINOCYCLINE_HYDROCHLORIDE_100MG/1,100,20
MIRTAZAPINE_15MG/1,0,1
MIRTAZAPINE_30MG/1,0,2
MIRTAZAPINE_45MG/1,0,5
MONTELUKAST_10MG/1,0,4
MONTELUKAST_SODIUM_10MG/1,240,41
MUPIROCIN_20MG/G_22_G,0,35
MUPIROCIN_20MG/G___1_TUBE_IN_1_CARTON_0093_1010_42_/_22_G_IN_1_TUBE,2,11
"M_M_R_II_1000[TCID_50]/.5ML;_12500[TCID_50]/.5ML;_1000[TCID_50]/.5ML___10_VIAL,_SINGLE_DOSE_IN_1_CARTON_0006_4681_00_/_.5_ML_IN_1_VIAL,_SINGLE_DOSE_0006_4681_01",8,26
NALOXONE_HYDROCHLORIDE_4MG/.1ML,2,1
NALTREXONE_HYDROCHLORIDE_50MG/1,0,2
NAPROXEN_500MG/1,110,29
NEOMYCIN_AND_POLYMYXIN_B_SULFATES_AND_HYDROCORTISONE_10MG/ML;_3.5MG/ML;_10000[USP'U]/ML_10_ML,0,1
NEOMYCIN_AND_POLYMYXIN_B_SULFATES_AND_HYDROCORTISONE_3.5MG/ML;_10000[USP'U]/ML;_10MG/ML_10_ML,0,3
NICOTINE_14MG/24H,6,2
NICOTINE_21MG/24H,5,6
NITROFURANTION_100MG/1,0,4
NITROFURANTOIN_100MG/1,0,1
NITROFURANTOIN_25MG/1;_75MG/1,0,7
NITROFURANTOIN_MACROCRYSTALS_100MG/1,90,8
NITROFURANTOIN_MONOHYDRATE/MACROCRYSTALS_25MG/1;_75MG/1,0,14
NITROFURANTOIN_MONOHYDRATE/_MACROCRYSTALLINE_25MG/1;_75MG/1,208,104
NITROGLYCEXTENDED_RELEASEIN_0.4MG/1,0,2
NORA_BE_0.35MG/1,12,1
NORTRIPTYLINE_HYDROCHLORIDE_10MG/1,300,1
NORTRIPTYLINE_HYDROCHLORIDE_50MG/1,400,7
"OFLOXACIN_3MG/ML___10_ML_IN_1_BOTTLE,_DROPPEXTENDED_RELEASE_70756_610_30",3,2
OLOPATADINE_HYDROCHLORIDE_1.11MG/ML_5_ML,0,5
"OLOPATADINE_HYDROCHLORIDE_1MG/ML___1_BOTTLE,_PLASTIC_IN_1_CARTON_58602_006_40_/_5_ML_IN_1_BOTTLE,_PLASTIC",1,8
OLOPATADINE_HYDROCHLORIDE_2MG/ML_2.5_ML,0,2
OMEPRAZOLE_20MG/1,930,289
OMEPRAZOLE_40MG/1,400,50
ONDANSETRON_4MG/1,20,16
ONDANSETRON_HYDROCHLORIDE_4MG/1,120,36
OXYBUTYNIN_CHLORIDE_10MG/1,300,11
OXYBUTYNIN_CHLORIDE_5MG/1,720,16
OXYBUTYNIN_CHLORIDE_EXTENDED_RELEASE_10MG/1,0,12
OZEMPIC_1.34MG/ML_1.5_ML,0,1
"OZEMPIC_SEMAGLUTIDE_0.68MG/ML___1_SYRINGE,_PLASTIC_IN_1_CARTON_0169_4181_13_/_3_ML_IN_1_SYRINGE,_PLASTIC_0169_4181_03",3,4
"OZEMPIC_SEMAGLUTIDE_1.34MG/ML___1_SYRINGE,_PLASTIC_IN_1_CARTON_0169_4130_13_/_3_ML_IN_1_SYRINGE,_PLASTIC_0169_4130_01",1,1
"OZEMPIC_SEMAGLUTIDE_2.68MG/ML___1_SYRINGE,_PLASTIC_IN_1_CARTON_0169_4772_12_/_3_ML_IN_1_SYRINGE,_PLASTIC_0169_4772_11",2,5
PANTOPRAZOLE_SODIUM_20MG/1,540,46
PANTOPRAZOLE_SODIUM_40MG/1,450,120
PAROXETINE_10MG/1,0,2
PAROXETINE_20MG/1,0,47
PAROXETINE_30MG/1,0,2
PAROXETINE_40MG/1,0,3
PAROXETINE_HYDROCHLORIDE_HEMIHYDRATE_10MG/1,540,6
PAROXETINE_HYDROCHLORIDE_HEMIHYDRATE_30MG/1,450,14
PAROXETINE_HYDROCHLORIDE_HEMIHYDRATE_40MG/1,360,8
PAXLOVID__2_TABLET,0,2
PEDIATRIC_SPACEXTENDED_RELEASE,1,1
PEDIATRIC_SPECI_CATH_KIT,5,1
PEDVAXHIB_7.5UG/.5ML,14,74
PENICILLIN_V_POTASSIUM_250MG/5ML___100_ML_IN_1_BOTTLE_0093_4127_73,2,1
PENICILLIN_V_POTASSIUM_250MG/5ML___200_ML_IN_1_BOTTLE_0093_4127_74,2,4
PENICILLIN_V_POTASSIUM_500MG/1,170,76
PENTACEL,6,93
PENTACEL__.5_ML,0,6
PHENAZOPYRIDINE_HYDROCHLORIDE_99.5MG,2,1
PHILIPS_EXTENDED_HOLTEXTENDED_RELEASE_EPATCH,0,1
PILL_SPLITTEXTENDED_RELEASE,0,5
"PLUS_PHARMA_PAIN_RELIEVEXTENDED_RELEASE,FEVEXTENDED_RELEASE_REDUCEXTENDED_RELEASE_325MG/1",0,1
POC_COVID_19_AG_TEST,0,18
"POST_OP_SHOE,_HOOK_&_LOOP_CLOSURE,_LARGE,_MALE",1,1
"POST_OP_SHOE,_HOOK_AND_LOOP_CLOSURE,_LARGE,_FEMALE",1,1
"POST_OP_SHOE,_NYLON,_LARGE,_MALE",1,1
"POST_OP_SHOE,_NYLON,_MEDIUM,_FEMALE",1,1
"POST_OP_SHOE,_NYLON,_MEDIUM,_MALE",1,1
"POST_OP_SHOE,_NYLON,_SMALL,_MALE",3,1
"POST_OP_SHOE,_SMALL,_WOMENS",2,2
PRAVASTATIN_SODIUM_10MG/1,270,1
PRAVASTATIN_SODIUM_20MG/1,360,57
PRAVASTATIN_SODIUM_40MG/1,270,12
PRAZOSIN_HYDROCHLORIDE_5MG/1,0,1
PREDNISOLONE_15MG/5ML_240_ML,0,1
PREDNISOLONE_15MG/5ML_480_ML,0,2
PREDNISONE_10MG/1,313,20
PREDNISONE_20MG/1,431,157
PREDNISONE_5MG/1,0,1
PREVNAR_13_2.2UG/.5ML;_2.2UG/.5ML;_2.2UG/.5ML;_2.2UG/.5ML;_2.2UG/.5ML;_2.2UG/.5ML;_2.2UG/.5ML;_2.2UG/.5ML;_2.2UG/.5ML;_2.2UG/.5ML;_4.4UG/.5ML;_2.2UG/.5ML;_2.2UG/.5ML_.5_ML,0,92
PREVNAR_20_2.2UG/.5ML;_2.2UG/.5ML;_2.2UG/.5ML;_2.2UG/.5ML;_2.2UG/.5ML;_2.2UG/.5ML;_2.2UG/.5ML;_2.2UG/.5ML;_2.2UG/.5ML;_2.2UG/.5ML;_2.2UG/.5ML;_2.2UG/.5ML;_2.2UG/.5ML;_2.2UG/.5ML;_2.2UG/.5ML;_2.2UG/.5ML;_4.4UG/.5ML;_2.2UG/.5ML;_2.2UG/.5ML;_2.2UG/.5ML,10,30
PRE_TAPE_TUFFNEXTENDED_RELEASE_QUICK_DRYING_SPRAY,2,8
PROGESTEXTENDED_RELEASEONE_100MG/1,500,47
PROMETHAZINE_HYDROCHLORIDE_12.5MG/1,200,4
PROMETHAZINE_HYDROCHLORIDE_25MG/1,70,23
PROPRANOLOL_HYDROCHLORIDE_10MG/1,265,33
PROPRANOLOL_HYDROCHLORIDE_20MG/1,315,30
PROPRANOLOL_HYDROCHLORIDE_40MG/1,220,8
"PROQUAD_1000[TCID_50]/.5ML;_20000[TCID_50]/.5ML;_1000[TCID_50]/.5ML;_9772[PFU]/.5ML___10_VIAL,_SINGLE_DOSE_IN_1_CARTON_0006_4171_00_/_.5_ML_IN_1_VIAL,_SINGLE_DOSE_0006_4171_01",9,55
PROQUAD_RHA_0.5ML_MMRV,3,7
QUETIAPINE_100MG/1,0,9
QUETIAPINE_25MG/1,0,1
QUETIAPINE_FUMARATE_100MG/1,180,20
QUETIAPINE_FUMARATE_25MG/1,400,10
QUETIAPINE_FUMARATE_50MG/1,610,8
QUICKVUE_AT_HOME_OTC_COVID_19_TEST,2,7
QUICK_DRYING_ADHEXTENDED_RELEASEENT_SPRAY,0,7
RAMIPRIL_5MG/1,0,5
RANITIDINE_150MG/1,0,5
RANITIDINE_300MG/1,0,3
RANITIDINE_IMMEDIATE_RELEASE_150MG/1,0,5
RANITIDINE_IMMEDIATE_RELEASE_300MG/1,0,1
RAPID_STREP_TEST,25,1
"REAGENT_KIT,_DCA_VANTAGE_A1C_10TEST/KT_4KT/CS",0,4
RECOMBIVAX_HB_5UG/.5ML,5,55
RECOMBIVAX_HB_5UG/.5ML_.5_ML,0,28
"RIB_BELT,_6IN,_UNIVEXTENDED_RELEASESAL/FEMALE",5,4
"RIB_BELT,_6IN,_UNIVEXTENDED_RELEASESAL/MALE",7,3
RISPEXTENDED_RELEASEIDONE_0.25MG/1,120,4
RISPEXTENDED_RELEASEIDONE_1MG/1,265,53
RISPEXTENDED_RELEASEIDONE_2MG/1,0,3
RISPEXTENDED_RELEASEIDONE_4MG/1,0,2
RIZATRIPTAN_BENZOATE_10MG/1,0,43
RIZATRIPTAN_BENZOATE_5MG/1,3,6
ROLYANFIT_MESH_BACK_SUPPORT,1,1
ROSUVASTATIN_20MG/1,0,9
ROSUVASTATIN_5MG/1,0,2
ROSUVASTATIN_CALCIUM_10MG/1,540,16
ROSUVASTATIN_CALCIUM_20MG/1,270,33
ROSUVASTATIN_CALCIUM_40MG/1,540,8
ROSUVASTATIN_CALCIUM_5MG/1,450,22
ROTARIX_1000[CCID_50]/ML___10_APPLICATOR_IN_1_CARTON_58160_740_21_/_1.5_ML_IN_1_APPLICATOR_58160_740_02,8,2
ROTATEQ_2200000[IU]/2ML;_2800000[IU]/2ML;_2200000[IU]/2ML;_2000000[IU]/2ML;_2300000[IU]/2ML___10_POUCH_IN_1_CARTON_0006_4047_41_/_1_TUBE_IN_1_POUCH_0006_4047_02_/_2_ML_IN_1_TUBE_0006_4047_01,1,66
RUGBY_BENZOYL_PEXTENDED_RELEASEOXIDE_ACNE_MEDICATION_100MG/ML_29.5_ML,0,4
R_SOFT_THUMB_SPLINT_LG_RT,1,1
R_SOFT_THUMB_SPLINT_MD_LT,10,1
R_SOFT_THUMB_SPLINT_SM_RT,4,2
SCHEIN_HYDROCORTISONE_10MG/G_28_G,0,5
SELENIUM_SULFIDE_25MG/ML_118_ML,0,1
SELF_CATH_CATHETEXTENDED_RELEASES,0,1
SEXTENDED_RELEASETRALINE_100MG/1,0,9
SEXTENDED_RELEASETRALINE_25MG/1,0,19
SEXTENDED_RELEASETRALINE_HYDROCHLORIDE_100MG/1,280,151
SEXTENDED_RELEASETRALINE_HYDROCHLORIDE_25MG/1,530,156
SEXTENDED_RELEASETRALINE_HYDROCHLORIDE_50MG/1,675,166
"SHOULDEXTENDED_RELEASE_IMMOBILIZEXTENDED_RELEASE_WITH_CLOTH_SWATHE,_LARGE",4,4
"SHOULDEXTENDED_RELEASE_IMMOBILIZEXTENDED_RELEASE_WITH_CLOTH_SWATHE,_MEDIUM",6,5
"SHOULDEXTENDED_RELEASE_IMMOBILIZEXTENDED_RELEASE_WITH_CLOTH_SWATHE,_SMALL",3,3
SIEMENS_DCA_SYSTEMS_HEMOGLOBIN_A1C_REACTION_KIT,0,8
SILDENAFIL_100MG/1,0,3
SILDENAFIL_20MG/1,0,25
SILDENAFIL_50MG/1,0,25
SILDENAFIL_CITRATE_100MG/1,45,28
SILDENAFIL_CITRATE_20MG/1,330,5
SILDENAFIL_CITRATE_50MG/1,340,112
SIMVASTATIN_20MG/1,180,38
SIMVASTATIN_40MG/1,450,16
SMALL_AIRCAST_BOOT,1,1
SMALL_REBOUND_AIR_WALKEXTENDED_RELEASE,1,1
SOLIFENACIN_SUCCINATE_10MG/1,360,28
SPIRONOLACTONE_100MG/1,400,13
SPIRONOLACTONE_25MG/1,0,14
SPIRONOLACTONE_50MG/1,170,8
"SPLITTEXTENDED_RELEASE,_PILL_DBL_BEVEL_S/S_BLADE",3,2
SPRINTEC_NORGESTIMATE_AND_ETHINYL_ESTRADIOL,2,33
STANDARD_LEG_BAG_900_ML_FOR_URINARY_CATHETEXTENDED_RELEASE,2,1
STANDARD_LEG_BAG_FOR_URINARY_CATHETEXTENDED_RELEASE_600_ML,4,1
STRATTEXTENDED_RELEASEA_80MG,0,1
SULFAMETHOXAZOLE;_TRIMETHOPRIM_800MG/1;_160MG/1,108,168
SULFAMETHOXAZOLE_AND_TRIMETHOPRIM_800MG/1;_160MG/1,0,4
SUMATRIPTAN_100MG/1,0,24
SUMATRIPTAN_50MG/1,0,44
SUMATRIPTAN_SUCCINATE_100MG/1,4,49
SUMATRIPTAN_SUCCINATE_25MG/1,5,14
SUMATRIPTAN_SUCCINATE_50MG/1,8,14
TACROLIMUS_1MG/G_60_G,0,2
TACROLIMUS_1MG/G___1_TUBE_IN_1_CARTON_21922_011_09_/_100_G_IN_1_TUBE,2,1
TADALAFIL_10MG/1,120,10
TADALAFIL_20MG/1,90,23
TADALAFIL_5MG/1,120,37
TAMSULOSIN_HYDROCHLORIDE_0.4MG/1,200,61
TDVAX_2[LF]/.5ML;_2[LF]/.5ML,9,1
"TDVAX_2[LF]/.5ML;_2[LF]/.5ML___10_VIAL,_SINGLE_DOSE_IN_1_CARTON_13533_131_01_/_.5_ML_IN_1_VIAL,_SINGLE_DOSE_13533_131_00",10,45
TEXTENDED_RELEASEBINAFINE,0,5
TEXTENDED_RELEASEBINAFINE_1%_CREAM,0,2
TEXTENDED_RELEASEBINAFINE_2501/1,0,1
TEXTENDED_RELEASEBINAFINE_HYDROCHLORIDE_1G/100G_15_G,0,10
TEXTENDED_RELEASEBINAFINE_HYDROCHLORIDE_1G/100G___1_TUBE_IN_1_CARTON_51672_2080_2_/_30_G_IN_1_TUBE,3,22
TEXTENDED_RELEASEBINAFINE_HYDROCHLORIDE_250MG/1,186,72
TEXTENDED_RELEASEBINAFINE_HYDROCHLORIDE_CREAM_1%,0,2
THEXTENDED_RELEASEABAND_BAND_SET_OF_3,1,1
"THUMB_SPLINT,_VINYL_ADJUSTABLE",15,3
TOPIRAMATE_50MG/1,240,3
TRAZODONE_HYDROCHLORIDE_100MG/1,160,64
TRAZODONE_HYDROCHLORIDE_150MG/1,100,1
TRAZODONE_HYDROCHLORIDE_50MG/1,450,56
TRIAMCINOLONE_ACETONIDE_0.25MG/G_15_G,0,3
TRIAMCINOLONE_ACETONIDE_1MG/G_15_G,0,63
TRIAMCINOLONE_ACETONIDE_1MG/G_30_G,0,3
TRIAMCINOLONE_ACETONIDE_1MG/G_80_G,0,5
TRIAMCINOLONE_ACETONIDE_1MG/G___1_TUBE_IN_1_CARTON_51672_1282_2_/_30_G_IN_1_TUBE,3,31
TRIAMCINOLONE_ACETONIDE_1MG/G___1_TUBE_IN_1_CARTON_51672_1284_1_/_15_G_IN_1_TUBE,5,12
TRIAMCINOLONE_ACETONIDE_40MG/ML,6,1
TRI_ESTARYLLA,9,1
TRI_SPRINTEC__1_KIT,0,1
TROPICAMIDE_10MG/ML___1_BOTTLE_IN_1_CARTON_70069_121_01_/_15_ML_IN_1_BOTTLE,1,1
TRS/GRS_#9_Q,0,5
TRS/GRS_#9_R,0,9
TRS/GRS_#9_S,0,9
TRS/GRS_#9_T,0,9
TRS/GRS_#9_U,0,8
TRS_GRS_9_V,5,4
TRUEPLUS_33G_STEXTENDED_RELEASEILE_LANCETS,0,2
TRUE_METRIX_PRO_BLOOD_GLUCOSE_STRIPS,0,1
TRUE_METRIX_PRO_GLUCOSE_TEST_STRIPS,0,1
TRUMENBA_60UG/.5ML;_60UG/.5ML_.5_ML,0,9
TUBEXTENDED_RELEASESOL_5[IU]/.1ML_1_ML,0,1
TUFFNEXTENDED_RELEASE_PRE_TAPE_QUICK_DRYING_SPRAY,3,1
UBAG_SINGLE_SPECIMEN_URINE_COLLECTORS_PEDS,6,1
UMCKA_COLDCARE,0,15
UMCKA_COLDCARE_SUGAR_FREE_GRAPE_1[HP_X]/120ML_120_ML,0,8
UMCKA_COLD_FLU_BEXTENDED_RELEASERY_4[HP_X]/120ML;_4[HP_X]/120ML;_2[HP_X]/120ML;_6[HP_X]/120ML;_4[HP_X]/120ML;_3[HP_X]/120ML;_1[HP_X]/120ML;_6[HP_X]/120ML_120_ML,0,5
UMCKA_ELDEXTENDED_RELEASEBEXTENDED_RELEASERY_4[HP_X]/120ML;_4[HP_X]/120ML;_2[HP_X]/120ML;_6[HP_X]/120ML;_4[HP_X]/120ML;_3[HP_X]/120ML;_1[HP_X]/120ML;_6[HP_X]/120ML;_3[HP_X]/120ML,2,8
UMCKA_ELDEXTENDED_RELEASEBEXTENDED_RELEASERY_4[HP_X]/120ML;_4[HP_X]/120ML;_2[HP_X]/120ML;_6[HP_X]/120ML;_4[HP_X]/120ML;_3[HP_X]/120ML;_4[HP_X]/120ML;_6[HP_X]/120ML;_3[HP_X]/120ML_120_ML,0,21
URINARY_CATHETEXTENDED_RELEASE_14FR._COUDE_TIP,0,1
VALPROIC_250MG/1,0,1
"VARIVAX_1350[PFU]/.5ML___10_VIAL,_SINGLE_DOSE_IN_1_CARTON_0006_4827_00_/_.5_ML_IN_1_VIAL,_SINGLE_DOSE_0006_4827_01",6,32
VAXELIS_20UG/.5ML;_5UG/.5ML;_3UG/.5ML;_20UG/.5ML;_5[LF]/.5ML;_15[LF]/.5ML;_3UG/.5ML;_10UG/.5ML;_29[D'AG'U]/.5ML;_7[D'AG'U]/.5ML;_26[D'AG'U]/.5ML,10,1
VENLAFAXINE_75MG/1,0,2
VENLAFAXINE_HYDROCHLORIDE_150MG/1,0,13
VENLAFAXINE_HYDROCHLORIDE_225MG/1,180,1
VENLAFAXINE_HYDROCHLORIDE_37.5MG/1,90,1
VENLAFAXINE_HYDROCHLORIDE_75MG/1,1480,23
VENLAFAXINE_HYDROCHLORIDE_EXTENDED_RELEASE_75MG/1,0,3
VENTOLIN_HFA_90UG/1_200_AEXTENDED_RELEASEOSOL,0,2
"VENTOLIN_HFA_ALBUTEXTENDED_RELEASEOL_SULFATE_90UG/1___1_INHALEXTENDED_RELEASE_IN_1_CARTON_0173_0682_24_/_60_AEXTENDED_RELEASEOSOL,_METEXTENDED_RELEASEED_IN_1_INHALEXTENDED_RELEASE",4,50
VITAMIN_D3,0,2
WARFARIN_SODIUM_10MG/1,0,2
WARFARIN_SODIUM_4MG/1,450,2
WARFARIN_SODIUM_5MG/1,555,123
WDS/SMT_#6_AA,0,9
WDS/SMT_#6_X,0,5
WDS/SMT_#6_Y,0,9
WDS/SMT_#6_Z,0,9
WDS_SMT_#6_BB,0,9
WDS_SMT_#6_CC,5,3
"WRIST/FORARM_SPLINT,_CANVAS_WITH_METAL_LOOPS_AND_WRIST_STRAP,_MEDIUM,_LEFT",4,2
"WRIST/FOREARM_SPLINT,_CANVAS,_11"",_BLUE,_HOOK_&_LOOP,_LEFT,_LARGE",3,3
"WRIST/FOREARM_SPLINT,_CANVAS,_11"",_BLUE,_HOOK_&_LOOP,_LEFT,_MEDIUM",4,3
"WRIST/FOREARM_SPLINT,_CANVAS,_11"",_BLUE,_HOOK_&_LOOP,_LEFT,_SMALL",6,4
"WRIST/FOREARM_SPLINT,_CANVAS,_11"",_BLUE,_HOOK_&_LOOP,_LEFT,_XL",10,6
"WRIST/FOREARM_SPLINT,_CANVAS,_11"",_BLUE,_HOOK_&_LOOP,_RIGHT,_LARGE",4,4
"WRIST/FOREARM_SPLINT,_CANVAS,_11"",_BLUE,_HOOK_&_LOOP,_RIGHT,_MEDIUM",3,2
"WRIST/FOREARM_SPLINT,_CANVAS,_11"",_BLUE,_HOOK_&_LOOP,_RIGHT,_SMALL",8,4
"WRIST/FOREARM_SPLINT,_CANVAS,_11"",_BLUE,_HOOK_&_LOOP,_RIGHT,_XL",4,3
"WRIST/FOREARM_SPLINT,_CANVAS_WITH_METAL_STAYS_AND_WRIST_STRAP,_LARGE,_LEFT",6,4
"WRIST/FOREARM_SPLINT,_CANVAS_WITH_METAL_STAYS_AND_WRIST_STRAP,_SMALL,_RIGHT",3,1
"WRIST/FOREARM_SPLINT,_CANVAS_WITH_METAL_STAYS_AND_WRIST_STRAP,_XL,_RIGHT",7,2
"WRIST/FOREARM_SPLINT,_CANVAS_WITH_METAL_STAY_AND_WRIST_STRAP,_SMALL,_LEFT",4,2
"WRIST/FOREARM_SPLINT,_RIGHT,_MEDIUM,_CANVAS_WITH_METAL_STAYS_AND_WRIST_STRAP",2,2
"WRIST_&_THUMB_SPLINT:_LEFT,_MEDIUM",3,2
"WRIST_AND_FOREARM_SPLINT,_LARGE,_RIGHT",0,1
"WRIST_AND_FOREARM_SPLINT_PADDED,_ADULT,_LEFT",9,6
"WRIST_AND_FOREARM_SPLINT_PADDED,_ADULT,_RIGHT",7,4
"WRIST_AND_FOREARM_SPLINT_PADDED,_CHILD,_LEFT",5,5
"WRIST_AND_FOREARM_SPLINT_PADDED,_CHILD,_RIGHT",8,6
"WRIST_AND_FOREARM_SPLINT_PADDED,_YOUTH,_LEFT",7,6
"WRIST_AND_FOREARM_SPLINT_PADDED,_YOUTH,_RIGHT",5,5
"WRIST_AND_THUMB_SPLINT,_RIGHT,_MEDIUM",12,4
"WRIST_AND_THUMB_SPLINT,_TRITEX,_LARGE,_LEFT",13,6
"WRIST_AND_THUMB_SPLINT,_TRITEX,_LARGE,_RIGHT",6,10
"WRIST_AND_THUMB_SPLINT,_TRITEX,_MEDIUM,_LEFT",5,8
"WRIST_AND_THUMB_SPLINT,_TRITEX,_SMALL,_LEFT",11,6
"WRIST_AND_THUMB_SPLINT,_TRITEX,_SMALL,_RIGHT",4,3
"WRIST_AND_THUMB_SPLINT,_TRITEX,_XL,_LEFT",24,9
"WRIST_AND_THUMB_SPLIT,_TRITEX,_XL,_RIGHT",10,7
"WRIST_SPLINT,_CANVAS_WITH_METAL_STAYS_AND_WRIST_STRAP,_LARGE,_LEFT",0,3
"WRIST_SPLINT,_CANVAS_WITH_METAL_STAYS_AND_WRIST_STRAP,_LARGE,_RIGHT",1,2
"WRIST_SPLINT,_CANVAS_WITH_METAL_STAYS_AND_WRIST_STRAP,_MEDIUM,_LEFT",9,2
"WRIST_SPLINT,_CANVAS_WITH_METAL_STAYS_AND_WRIST_STRAP,_MEDIUM,_RIGHT",5,8
"WRIST_SPLINT,_CANVAS_WITH_METAL_STAYS_AND_WRIST_STRAP,_SMALL,_LEFT",16,5
"WRIST_SPLINT,_CANVAS_WITH_METAL_STAYS_AND_WRIST_STRAP,_SMALL,_RIGHT",13,9
"WRIST_SPLINT,_CANVAS_WITH_METAL_STAYS_AND_WRIST_STRAP,_XL,_LEFT",7,5
"WRIST_SPLINT,_CANVAS_WITH_METAL_STAYS_AND_WRIST_STRAP,_XL,_RIGHT",12,8
"WRIST_SPLINT_II_WITH_LOOP_LOCK,_XL,_LEFT",6,1
XOLAIR_PFS_150MG/ML_1_ML,0,23
